Model,PR-AUC,ROC-AUC,F1-Score
Logistic Regression,0.4171026332389891,0.6584939906426792,0.4671734623358673
Random Forest,0.42225532980617025,0.6736060138512315,0.4068767908309456
XGBoost,0.4128547641281004,0.6509336099585061,0.04553415061295972
